-------------------------------------------------------------------------------------------------

INSERT INTO gain VALUES ('Connors             ', 'Roland Garros       ', 1983, 66250, 'Kennex         ');
INSERT INTO gain VALUES ('Fromm               ', 'Roland Garros       ', 1983, 23760, 'Donnay         ');
INSERT INTO gain VALUES ('Luna                ', 'Roland Garros       ', 1983, 23760, 'Lacoste        ');
INSERT INTO gain VALUES ('Gottfried           ', 'Roland Garros       ', 1983, 23760, 'Addidas        ');
INSERT INTO gain VALUES ('Alexander           ', 'Roland Garros       ', 1983, 23760, 'Vittel         ');
INSERT INTO gain VALUES ('Gomez               ', 'Roland Garros       ', 1983, 23760, 'Dunlop         ');
INSERT INTO gain VALUES ('Arias               ', 'Roland Garros       ', 1983, 23760, 'Nike           ');
INSERT INTO gain VALUES ('Sundstrom           ', 'Roland Garros       ', 1983, 23760, 'Vittel         ');
INSERT INTO gain VALUES ('Teltscher           ', 'Roland Garros       ', 1983, 23760, 'Addidas        ');
INSERT INTO gain VALUES ('Lendl               ', 'Roland Garros       ', 1983, 66250, 'Nike           ');
INSERT INTO gain VALUES ('Vilas               ', 'Roland Garros       ', 1983, 66250, 'Lacoste        ');
INSERT INTO gain VALUES ('McEnroe             ', 'Roland Garros       ', 1983, 66250, 'Sergio Tacchini');
INSERT INTO gain VALUES ('Higueras            ', 'Roland Garros       ', 1983, 125000, 'Sergio Tacchini');
INSERT INTO gain VALUES ('Noah                ', 'Roland Garros       ', 1983, 1000000, 'Le Coq Sportif ');
INSERT INTO gain VALUES ('Roger-Vasselin      ', 'Roland Garros       ', 1983, 125000, 'Lacoste        ');
INSERT INTO gain VALUES ('Wilander            ', 'Roland Garros       ', 1983, 500000, 'Peugeot        ');
INSERT INTO gain VALUES ('Lendl               ', 'Roland Garros       ', 1989, 23760, 'Donnay         ');
INSERT INTO gain VALUES ('Bruguera            ', 'Roland Garros       ', 1989, 23760, 'Lacoste        ');
INSERT INTO gain VALUES ('Duncan              ', 'Roland Garros       ', 1989, 23760, 'Addidas        ');
INSERT INTO gain VALUES ('Courier             ', 'Roland Garros       ', 1989, 23760, 'Vittel         ');
INSERT INTO gain VALUES ('Hlasek              ', 'Roland Garros       ', 1989, 23760, 'Dunlop         ');
INSERT INTO gain VALUES ('Ivanisevic          ', 'Roland Garros       ', 1989, 23760, 'Nike           ');
INSERT INTO gain VALUES ('Tulasne             ', 'Roland Garros       ', 1989, 23760, 'Vittel         ');
INSERT INTO gain VALUES ('Perez-Roldan        ', 'Roland Garros       ', 1989, 23760, 'Addidas        ');
INSERT INTO gain VALUES ('Agenor              ', 'Roland Garros       ', 1989, 66250, 'Nike           ');
INSERT INTO gain VALUES ('Wilander            ', 'Roland Garros       ', 1989, 66250, 'Lacoste        ');
INSERT INTO gain VALUES ('Mancini             ', 'Roland Garros       ', 1989, 66250, 'Sergio Tacchini');
INSERT INTO gain VALUES ('Berger              ', 'Roland Garros       ', 1989, 66250, 'Kennex         ');
INSERT INTO gain VALUES ('Chesnokov           ', 'Roland Garros       ', 1989, 125000, 'Sergio Tacchini');
INSERT INTO gain VALUES ('Edberg              ', 'Roland Garros       ', 1989, 125000, 'Lacoste        ');
INSERT INTO gain VALUES ('Becker              ', 'Roland Garros       ', 1989, 500000, 'Peugeot        ');
INSERT INTO gain VALUES ('Chang               ', 'Roland Garros       ', 1989, 1000000, 'Le Coq Sportif ');
INSERT INTO gain VALUES ('Lendl               ', 'Wimbledon           ', 1989, 23760, 'Donnay         ');
INSERT INTO gain VALUES ('Goldie              ', 'Wimbledon           ', 1989, 23760, 'Lacoste        ');
INSERT INTO gain VALUES ('Becker              ', 'Wimbledon           ', 1989, 23760, 'Addidas        ');
INSERT INTO gain VALUES ('Chamberlin          ', 'Wimbledon           ', 1989, 23760, 'Vittel         ');
INSERT INTO gain VALUES ('McEnroe             ', 'Wimbledon           ', 1989, 23760, 'Dunlop         ');
INSERT INTO gain VALUES ('Wilander            ', 'Wimbledon           ', 1989, 23760, 'Nike           ');
INSERT INTO gain VALUES ('Mayotte             ', 'Wimbledon           ', 1989, 23760, 'Vittel         ');
INSERT INTO gain VALUES ('Edberg              ', 'Wimbledon           ', 1989, 23760, 'Addidas        ');
INSERT INTO gain VALUES ('Lungren             ', 'Wimbledon           ', 1989, 66250, 'Nike           ');
INSERT INTO gain VALUES ('Zivojinovic         ', 'Wimbledon           ', 1989, 66250, 'Lacoste        ');
INSERT INTO gain VALUES ('Krickstein          ', 'Wimbledon           ', 1989, 66250, 'Sergio Tacchini');
INSERT INTO gain VALUES ('Shiras              ', 'Wimbledon           ', 1989, 66250, 'Kennex         ');
INSERT INTO gain VALUES ('Fitzgerald          ', 'Wimbledon           ', 1989, 125000, 'Sergio Tacchini');
INSERT INTO gain VALUES ('Van Rensburg        ', 'Wimbledon           ', 1989, 125000, 'Lacoste        ');
INSERT INTO gain VALUES ('Chang               ', 'Wimbledon           ', 1989, 500000, 'Peugeot        ');
INSERT INTO gain VALUES ('Mansdorf            ', 'Wimbledon           ', 1989, 1000000, 'Le Coq Sportif ');
INSERT INTO gain VALUES ('Krickstein          ', 'Roland Garros       ', 1985, 23760, 'Donnay         ');
INSERT INTO gain VALUES ('Gunthardt           ', 'Roland Garros       ', 1985, 23760, 'Lacoste        ');
INSERT INTO gain VALUES ('Cancellotti         ', 'Roland Garros       ', 1985, 23760, 'Addidas        ');
INSERT INTO gain VALUES ('Jarryd              ', 'Roland Garros       ', 1985, 23760, 'Vittel         ');
INSERT INTO gain VALUES ('Noah                ', 'Roland Garros       ', 1985, 23760, 'Dunlop         ');
INSERT INTO gain VALUES ('Smid                ', 'Roland Garros       ', 1985, 23760, 'Nike           ');
INSERT INTO gain VALUES ('Gildemeister        ', 'Roland Garros       ', 1985, 23760, 'Vittel         ');
INSERT INTO gain VALUES ('Nystrom             ', 'Roland Garros       ', 1985, 23760, 'Addidas        ');
INSERT INTO gain VALUES ('Sundstrom           ', 'Roland Garros       ', 1985, 66250, 'Nike           ');
INSERT INTO gain VALUES ('Lecomte             ', 'Roland Garros       ', 1985, 66250, 'Lacoste        ');
INSERT INTO gain VALUES ('Edberg              ', 'Roland Garros       ', 1985, 66250, 'Sergio Tacchini');
INSERT INTO gain VALUES ('Jaite               ', 'Roland Garros       ', 1985, 66250, 'Kennex         ');
INSERT INTO gain VALUES ('Connors             ', 'Roland Garros       ', 1985, 125000, 'Sergio Tacchini');
INSERT INTO gain VALUES ('McEnroe             ', 'Roland Garros       ', 1985, 125000, 'Lacoste        ');
INSERT INTO gain VALUES ('Lendl               ', 'Roland Garros       ', 1985, 500000, 'Peugeot        ');
INSERT INTO gain VALUES ('Wilander            ', 'Roland Garros       ', 1985, 1000000, 'Le Coq Sportif ');
INSERT INTO gain VALUES ('Amritraj            ', 'Wimbledon           ', 1985, 23760, 'Donnay         ');
INSERT INTO gain VALUES ('Visser              ', 'Wimbledon           ', 1985, 23760, 'Lacoste        ');
INSERT INTO gain VALUES ('Seguso              ', 'Wimbledon           ', 1985, 23760, 'Addidas        ');
INSERT INTO gain VALUES ('Giammalva           ', 'Wimbledon           ', 1985, 23760, 'Vittel         ');
INSERT INTO gain VALUES ('Edberg              ', 'Wimbledon           ', 1985, 23760, 'Dunlop         ');
INSERT INTO gain VALUES ('Maurer              ', 'Wimbledon           ', 1985, 23760, 'Nike           ');
INSERT INTO gain VALUES ('Lendl               ', 'Wimbledon           ', 1985, 23760, 'Vittel         ');
INSERT INTO gain VALUES ('Mayotte             ', 'Wimbledon           ', 1985, 23760, 'Addidas        ');
INSERT INTO gain VALUES ('McEnroe             ', 'Wimbledon           ', 1985, 66250, 'Nike           ');
INSERT INTO gain VALUES ('Acuna               ', 'Wimbledon           ', 1985, 66250, 'Lacoste        ');
INSERT INTO gain VALUES ('Gunthardt           ', 'Wimbledon           ', 1985, 66250, 'Sergio Tacchini');
INSERT INTO gain VALUES ('Lecomte             ', 'Wimbledon           ', 1985, 66250, 'Kennex         ');
INSERT INTO gain VALUES ('Jarryd              ', 'Wimbledon           ', 1985, 125000, 'Sergio Tacchini');
INSERT INTO gain VALUES ('Connors             ', 'Wimbledon           ', 1985, 125000, 'Lacoste        ');
INSERT INTO gain VALUES ('Curren              ', 'Wimbledon           ', 1985, 500000, 'Peugeot        ');
INSERT INTO gain VALUES ('Becker              ', 'Wimbledon           ', 1985, 1000000, 'Le Coq Sportif ');

-------------------------------------------------------------------------------------------------

INSERT INTO sponsor VALUES ('Kennex         ', 'USA', 390000000);
INSERT INTO sponsor VALUES ('Peugeot        ', 'France', 100000000);
INSERT INTO sponsor VALUES ('Addidas        ', 'France', 300000000);
INSERT INTO sponsor VALUES ('Lacoste        ', 'France', 10000000);
INSERT INTO sponsor VALUES ('Reebok         ', 'USA', 200000000);
INSERT INTO sponsor VALUES ('Donnay         ', 'USA', 2000000);
INSERT INTO sponsor VALUES ('Dunlop         ', 'France', 1500000000);
INSERT INTO sponsor VALUES ('Vittel         ', 'France', 300000000);
INSERT INTO sponsor VALUES ('Nike           ', 'USA', 500000000);
INSERT INTO sponsor VALUES ('Le Coq Sportif ', 'France', 300000000);
INSERT INTO sponsor VALUES ('Sergio Tacchini', 'Italie', 290000000);

-------------------------------------------------------------------------------------------------


INSERT INTO joueur VALUES ('Connors             ', 'Jimmy          ', 1952, 'USA            ');
INSERT INTO joueur VALUES ('Fromm               ', 'Eric           ', 1958, 'USA            ');
INSERT INTO joueur VALUES ('Roger-Vasselin      ', 'Christophe     ', 1957, 'France         ');
INSERT INTO joueur VALUES ('Luna                ', 'Fernando       ', 1958, 'Espagne        ');
INSERT INTO joueur VALUES ('Lendl               ', 'Ivan           ', 1960, 'USA            ');
INSERT INTO joueur VALUES ('Gottfried           ', 'Brain          ', 1952, 'USA            ');
INSERT INTO joueur VALUES ('Noah                ', 'Yannick        ', 1960, 'France         ');
INSERT INTO joueur VALUES ('Alexander           ', 'John           ', 1951, 'Australie      ');
INSERT INTO joueur VALUES ('Higueras            ', 'Jose           ', 1953, 'Espagne        ');
INSERT INTO joueur VALUES ('Gomez               ', 'Andres         ', 1960, 'Equateur       ');
INSERT INTO joueur VALUES ('Vilas               ', 'Guillermo      ', 1952, 'Argentine      ');
INSERT INTO joueur VALUES ('Arias               ', 'Jimmy          ', 1964, 'USA            ');
INSERT INTO joueur VALUES ('Wilander            ', 'Mats           ', 1964, 'Suede          ');
INSERT INTO joueur VALUES ('Sundstrom           ', 'Henrik         ', 1964, 'Suede          ');
INSERT INTO joueur VALUES ('McEnroe             ', 'John           ', 1959, 'USA            ');
INSERT INTO joueur VALUES ('Teltscher           ', 'Eliot          ', 1959, 'USA            ');
INSERT INTO joueur VALUES ('Goldie              ', 'Dan            ', 1963, 'USA            ');
INSERT INTO joueur VALUES ('Becker              ', 'Boris          ', 1967, 'Allemagne      ');
INSERT INTO joueur VALUES ('Chamberlin          ', 'Paul           ', 1962, 'USA            ');
INSERT INTO joueur VALUES ('Mayotte             ', 'Tim            ', 1960, 'USA            ');
INSERT INTO joueur VALUES ('Edberg              ', 'Stefan         ', 1966, 'Suede          ');
INSERT INTO joueur VALUES ('Lungren             ', 'Peter          ', 1965, 'Suede          ');
INSERT INTO joueur VALUES ('Zivojinovic         ', 'Slobodan       ', 1963, 'Serbie         ');
INSERT INTO joueur VALUES ('Krickstein          ', 'Aaron          ', 1967, 'USA            ');
INSERT INTO joueur VALUES ('Shiras              ', 'Andres         ', 1959, 'USA            ');
INSERT INTO joueur VALUES ('Fitzgerald          ', 'John           ', 1960, 'Australie      ');
INSERT INTO joueur VALUES ('Chang               ', 'Michael        ', 1972, 'USA            ');
INSERT INTO joueur VALUES ('Mansdorf            ', 'Amos           ', 1965, 'Israel         ');
INSERT INTO joueur VALUES ('Agenor              ', 'Ronald         ', 1964, 'USA            ');
INSERT INTO joueur VALUES ('Duncan              ', 'Lawson         ', 1964, 'USA            ');
INSERT INTO joueur VALUES ('Chesnokov           ', 'Andrei         ', 1957, 'France         ');
INSERT INTO joueur VALUES ('Mancini             ', 'Alberto        ', 1969, 'Argentine      ');
INSERT INTO joueur VALUES ('Berger              ', 'Jay            ', 1966, 'USA            ');
INSERT INTO joueur VALUES ('Bruguera            ', 'Sergi          ', 1971, 'Espagne        ');
INSERT INTO joueur VALUES ('Courier             ', 'Jim            ', 1970, 'USA            ');
INSERT INTO joueur VALUES ('Hlasek              ', 'Jakob          ', 1964, 'Suisse         ');
INSERT INTO joueur VALUES ('Ivanisevic          ', 'Goran          ', 1964, 'Suede          ');
INSERT INTO joueur VALUES ('Tulasne             ', 'Thierry        ', 1963, 'France         ');
INSERT INTO joueur VALUES ('Perez-Roldan        ', 'Guillermo      ', 1969, 'Argentine      ');
INSERT INTO joueur VALUES ('Van Rensburg        ', 'Christo        ', 1962, 'Afrique du sud ');
INSERT INTO joueur VALUES ('Cancellotti         ', 'Franceco       ', 1963, 'Italie         ');
INSERT INTO joueur VALUES ('Jarryd              ', 'Anders         ', 1961, 'Suede          ');
INSERT INTO joueur VALUES ('Smid                ', 'Tomas          ', 1956, 'Rep? tcheque   ');
INSERT INTO joueur VALUES ('Gildemeister        ', 'Hans           ', 1956, 'Chili          ');
INSERT INTO joueur VALUES ('Nystrom             ', 'Jakim          ', 1963, 'Suede          ');
INSERT INTO joueur VALUES ('Lecomte             ', 'Henri          ', 1963, 'France         ');
INSERT INTO joueur VALUES ('Jaite               ', 'Martin         ', 1964, 'Argentine      ');
INSERT INTO joueur VALUES ('Amritraj            ', 'Vijay          ', 1953, 'Inde           ');
INSERT INTO joueur VALUES ('Visser              ', 'Danie          ', 1961, 'Afrique du sud ');
INSERT INTO joueur VALUES ('Seguso              ', 'Robert         ', 1963, 'USA            ');
INSERT INTO joueur VALUES ('Giammalva           ', 'Sammy          ', 1963, 'USA            ');
INSERT INTO joueur VALUES ('Maurer              ', 'Andreas        ', 1958, 'Allemagne      ');
INSERT INTO joueur VALUES ('Acuna               ', 'Ricardo        ', 1958, 'Chili          ');
INSERT INTO joueur VALUES ('Curren              ', 'Kevin          ', 1958, 'USA            ');
INSERT INTO joueur VALUES ('Gunthardt           ', 'Heinz          ', 1959, 'Suisse         ');

-------------------------------------------------------------------------------------------------

INSERT INTO rencontre VALUES ('Connors             ', 'Fromm               ', 'Roland Garros       ', 1983, '6-2 6-1 6-1         ');
INSERT INTO rencontre VALUES ('Roger-Vasselin      ', 'Luna                ', 'Roland Garros       ', 1983, '6-2 6-3 1-6 6-1     ');
INSERT INTO rencontre VALUES ('Lendl               ', 'Gottfried           ', 'Roland Garros       ', 1983, '7-6 6-4 6-3         ');
INSERT INTO rencontre VALUES ('Noah                ', 'Alexander           ', 'Roland Garros       ', 1983, '6-2 7-6 6-1         ');
INSERT INTO rencontre VALUES ('Higueras            ', 'Gomez               ', 'Roland Garros       ', 1983, '7-6 6-4 7-6         ');
INSERT INTO rencontre VALUES ('Vilas               ', 'Arias               ', 'Roland Garros       ', 1983, '7-5 6-3 6-2         ');
INSERT INTO rencontre VALUES ('Wilander            ', 'Sundstrom           ', 'Roland Garros       ', 1983, '6-4 6-1 6-3         ');
INSERT INTO rencontre VALUES ('McEnroe             ', 'Teltscher           ', 'Roland Garros       ', 1983, '6-3 3-6 6-4         ');
INSERT INTO rencontre VALUES ('Roger-Vasselin      ', 'Connors             ', 'Roland Garros       ', 1983, '6-4 6-4 7-6         ');
INSERT INTO rencontre VALUES ('Noah                ', 'Lendl               ', 'Roland Garros       ', 1983, '7-6 6-2 5-7 6-0     ');
INSERT INTO rencontre VALUES ('Higueras            ', 'Vilas               ', 'Roland Garros       ', 1983, '6-2 6-7 6-1 4-6 6-1 ');
INSERT INTO rencontre VALUES ('Wilander            ', 'McEnroe             ', 'Roland Garros       ', 1983, '4-6 6-2 6-4 6-0     ');
INSERT INTO rencontre VALUES ('Noah                ', 'Roger-Vasselin      ', 'Roland Garros       ', 1983, '6-3 6-0 6-0         ');
INSERT INTO rencontre VALUES ('Wilander            ', 'Higueras            ', 'Roland Garros       ', 1983, '7-5 6-7 6-3 6-0     ');
INSERT INTO rencontre VALUES ('Noah                ', 'Wilander            ', 'Roland Garros       ', 1983, '6-2 7-5 7-6         ');
INSERT INTO rencontre VALUES ('Lendl               ', 'Lungren             ', 'Wimbledon           ', 1989, '1-6 7-6 6-0         ');
INSERT INTO rencontre VALUES ('Goldie              ', 'Zivojinovic         ', 'Wimbledon           ', 1989, '6-4 6-4 7-6         ');
INSERT INTO rencontre VALUES ('Becker              ', 'Krickstein          ', 'Wimbledon           ', 1989, '6-4 6-4 7-5         ');
INSERT INTO rencontre VALUES ('Chamberlin          ', 'Shiras              ', 'Wimbledon           ', 1989, '7-5 6-4 7-6         ');
INSERT INTO rencontre VALUES ('McEnroe             ', 'Fitzgerald          ', 'Wimbledon           ', 1989, '6-3 0-6 6-4 6-4     ');
INSERT INTO rencontre VALUES ('Wilander            ', 'Van Rensburg        ', 'Wimbledon           ', 1989, '3-6 7-5 7-5 6-3     ');
INSERT INTO rencontre VALUES ('Mayotte             ', 'Chang               ', 'Wimbledon           ', 1989, '6-3 6-1 6-3         ');
INSERT INTO rencontre VALUES ('Edberg              ', 'Mansdorf            ', 'Wimbledon           ', 1989, '6-4 6-3 6-2         ');
INSERT INTO rencontre VALUES ('Lendl               ', 'Goldie              ', 'Wimbledon           ', 1989, '7-6 7-6 6-0         ');
INSERT INTO rencontre VALUES ('Becker              ', 'Chamberlin          ', 'Wimbledon           ', 1989, '6-1 6-2 6-0         ');
INSERT INTO rencontre VALUES ('McEnroe             ', 'Wilander            ', 'Wimbledon           ', 1989, '7-6 3-6 6-3 6-4     ');
INSERT INTO rencontre VALUES ('Edberg              ', 'Mayotte             ', 'Wimbledon           ', 1989, '7-6 7-6 6-3         ');
INSERT INTO rencontre VALUES ('Becker              ', 'Lendl               ', 'Wimbledon           ', 1989, '7-5 6-7 2-6 6-4 6-3 ');
INSERT INTO rencontre VALUES ('Edberg              ', 'McEnroe             ', 'Wimbledon           ', 1989, '7-5 7-6 7-6         ');
INSERT INTO rencontre VALUES ('Becker              ', 'Edberg              ', 'Wimbledon           ', 1989, '6-0 7-6 6-4         ');
INSERT INTO rencontre VALUES ('Chang               ', 'Lendl               ', 'Roland Garros       ', 1989, '4-6 4-6 6-3 6-3 6-3 ');
INSERT INTO rencontre VALUES ('Agenor              ', 'Bruguera            ', 'Roland Garros       ', 1989, '2-6 3-6 6-3 6-1 6-2 ');
INSERT INTO rencontre VALUES ('Wilander            ', 'Duncan              ', 'Roland Garros       ', 1989, '7-5 6-3 6-2         ');
INSERT INTO rencontre VALUES ('Chesnokov           ', 'Courier             ', 'Roland Garros       ', 1989, '2-6 3-6 7-6 6-2 7-5 ');
INSERT INTO rencontre VALUES ('Mancini             ', 'Hlasek              ', 'Roland Garros       ', 1989, '6-4 6-4 4-6 2-6 6-4 ');
INSERT INTO rencontre VALUES ('Edberg              ', 'Ivanisevic          ', 'Roland Garros       ', 1989, '7-5 6-3 6-3         ');
INSERT INTO rencontre VALUES ('Berger              ', 'Tulasne             ', 'Roland Garros       ', 1989, '3-6 6-2 6-0 6-3     ');
INSERT INTO rencontre VALUES ('Becker              ', 'Perez-Roldan        ', 'Roland Garros       ', 1989, '3-6 6-4 6-2 4-6 7-5 ');
INSERT INTO rencontre VALUES ('Chang               ', 'Agenor              ', 'Roland Garros       ', 1989, '6-4 2-6 6-4 7-6     ');
INSERT INTO rencontre VALUES ('Chesnokov           ', 'Wilander            ', 'Roland Garros       ', 1989, '6-4 6-0 7-5         ');
INSERT INTO rencontre VALUES ('Edberg              ', 'Mancini             ', 'Roland Garros       ', 1989, '6-1 6-3 7-6         ');
INSERT INTO rencontre VALUES ('Becker              ', 'Berger              ', 'Roland Garros       ', 1989, '6-3 6-4 6-1         ');
INSERT INTO rencontre VALUES ('Chang               ', 'Chesnokov           ', 'Roland Garros       ', 1989, '6-4 2-6 6-4 7-6     ');
INSERT INTO rencontre VALUES ('Becker              ', 'Edberg              ', 'Roland Garros       ', 1989, '6-3 5-7 3-6 6-2     ');
INSERT INTO rencontre VALUES ('Chang               ', 'Becker              ', 'Roland Garros       ', 1989, '6-1 3-6 4-6 6-4 6-2 ');
INSERT INTO rencontre VALUES ('Lendl               ', 'Krickstein          ', 'Roland Garros       ', 1985, '6-2 6-2 6-0         ');
INSERT INTO rencontre VALUES ('Jaite               ', 'Gunthardt           ', 'Roland Garros       ', 1985, '6-1 6-1 6-3         ');
INSERT INTO rencontre VALUES ('Connors             ', 'Cancellotti         ', 'Roland Garros       ', 1985, '3-6 6-0 6-4 6-2     ');
INSERT INTO rencontre VALUES ('Edberg              ', 'Jarryd              ', 'Roland Garros       ', 1985, '6-3 6-7 6-4 6-2     ');
INSERT INTO rencontre VALUES ('Lecomte             ', 'Noah                ', 'Roland Garros       ', 1985, '6-3 6-4 6-7 4-6 6-1 ');
INSERT INTO rencontre VALUES ('Wilander            ', 'Smid                ', 'Roland Garros       ', 1985, '6-3 6-4 6-4         ');
INSERT INTO rencontre VALUES ('Nystrom             ', 'Gildemeister        ', 'Roland Garros       ', 1985, '7-6 6-1 6-1         ');
INSERT INTO rencontre VALUES ('McEnroe             ', 'Sundstrom           ', 'Roland Garros       ', 1985, '6-3 7-5 6-2         ');
INSERT INTO rencontre VALUES ('Lendl               ', 'Jaite               ', 'Roland Garros       ', 1985, '6-4 6-2 6-4         ');
INSERT INTO rencontre VALUES ('Connors             ', 'Edberg              ', 'Roland Garros       ', 1985, '6-4 6-1 6-1         ');
INSERT INTO rencontre VALUES ('Wilander            ', 'Lecomte             ', 'Roland Garros       ', 1985, '6-4 7-6 6-7 7-5     ');
INSERT INTO rencontre VALUES ('McEnroe             ', 'Nystrom             ', 'Roland Garros       ', 1985, '6-7 6-2 6-2 3-6 7-5 ');
INSERT INTO rencontre VALUES ('Lendl               ', 'Connors             ', 'Roland Garros       ', 1985, '7-5 6-7 2-6 6-4 6-3 ');
INSERT INTO rencontre VALUES ('Wilander            ', 'McEnroe             ', 'Roland Garros       ', 1985, '7-5 7-6 7-6         ');
INSERT INTO rencontre VALUES ('Wilander            ', 'Lendl               ', 'Roland Garros       ', 1985, '6-0 7-6 6-4         ');
INSERT INTO rencontre VALUES ('Lecomte             ', 'Lendl               ', 'Wimbledon           ', 1985, '3-6 6-4 6-3 6-1     ');
INSERT INTO rencontre VALUES ('Becker              ', 'Mayotte             ', 'Wimbledon           ', 1985, '6-3 4-6 6-7 7-6 6-2 ');
INSERT INTO rencontre VALUES ('Gunthardt           ', 'Amritraj            ', 'Wimbledon           ', 1985, '6-4 6-4 6-1         ');
INSERT INTO rencontre VALUES ('Jarryd              ', 'Visser              ', 'Wimbledon           ', 1985, '6-1 6-4 6-1         ');
INSERT INTO rencontre VALUES ('Acuna               ', 'Seguso              ', 'Wimbledon           ', 1985, '6-4 7-6 6-2         ');
INSERT INTO rencontre VALUES ('Connors             ', 'Giammalva           ', 'Wimbledon           ', 1985, '6-3 6-4 6-3         ');
INSERT INTO rencontre VALUES ('Curren              ', 'Edberg              ', 'Wimbledon           ', 1985, '7-6 6-3 7-6         ');
INSERT INTO rencontre VALUES ('McEnroe             ', 'Maurer              ', 'Wimbledon           ', 1985, '6-0 6-4 6-2         ');
INSERT INTO rencontre VALUES ('Becker              ', 'Lecomte             ', 'Wimbledon           ', 1985, '7-6 3-6 6-3 6-4     ');
INSERT INTO rencontre VALUES ('Connors             ', 'Acuna               ', 'Wimbledon           ', 1985, '6-1 7-6 6-2         ');
INSERT INTO rencontre VALUES ('Curren              ', 'McEnroe             ', 'Wimbledon           ', 1985, '6-2 6-2 6-4         ');
INSERT INTO rencontre VALUES ('Becker              ', 'Jarryd              ', 'Wimbledon           ', 1985, '2-6 7-6 6-3 6-3     ');
INSERT INTO rencontre VALUES ('Curren              ', 'Connors             ', 'Wimbledon           ', 1985, '6-2 6-2 6-1         ');
INSERT INTO rencontre VALUES ('Becker              ', 'Curren              ', 'Wimbledon           ', 1985, '6-3 6-7 7-6 6-4     ');
INSERT INTO rencontre VALUES ('Jarryd              ', 'Gunthardt           ', 'Wimbledon           ', 1985, '6-4 6-3 6-2         ');
